,0
0,pigeonpeas
1,pigeonpeas
2,pigeonpeas
3,pigeonpeas
4,pigeonpeas
5,pigeonpeas
6,mothbeans
7,pigeonpeas
8,pigeonpeas
9,mothbeans
10,pigeonpeas
11,pigeonpeas
12,pigeonpeas
13,jute
14,pigeonpeas
15,mothbeans
16,jute
17,pigeonpeas
18,pigeonpeas
19,pigeonpeas
20,pigeonpeas
21,pigeonpeas
22,pigeonpeas
23,pigeonpeas
24,jute
25,pigeonpeas
26,pigeonpeas
27,jute
28,pigeonpeas
29,pigeonpeas
30,pigeonpeas
31,pigeonpeas
32,pigeonpeas
33,mothbeans
34,pigeonpeas
35,jute
36,pigeonpeas
37,pigeonpeas
38,pigeonpeas
39,mothbeans
40,jute
41,jute
42,pigeonpeas
43,jute
44,jute
45,pigeonpeas
46,pigeonpeas
47,pigeonpeas
48,jute
49,pigeonpeas
50,pigeonpeas
51,pigeonpeas
52,jute
53,pigeonpeas
54,pigeonpeas
55,pigeonpeas
56,jute
57,pigeonpeas
58,jute
59,jute
60,pigeonpeas
61,pigeonpeas
62,jute
63,pigeonpeas
64,jute
65,pigeonpeas
66,pigeonpeas
67,jute
68,pigeonpeas
69,pigeonpeas
70,pigeonpeas
71,pigeonpeas
72,pigeonpeas
73,jute
74,pigeonpeas
75,pigeonpeas
76,pigeonpeas
77,pigeonpeas
78,pigeonpeas
79,pigeonpeas
80,pigeonpeas
81,pigeonpeas
82,jute
83,jute
84,papaya
85,pigeonpeas
86,pigeonpeas
87,jute
88,jute
89,pigeonpeas
90,jute
91,pigeonpeas
92,pigeonpeas
93,pigeonpeas
94,pigeonpeas
95,pigeonpeas
96,jute
97,jute
98,jute
99,pigeonpeas
100,pigeonpeas
101,mothbeans
102,pigeonpeas
103,pigeonpeas
104,pigeonpeas
105,pigeonpeas
106,pigeonpeas
107,pigeonpeas
108,pigeonpeas
109,pigeonpeas
110,pigeonpeas
111,jute
112,pigeonpeas
113,pigeonpeas
114,pigeonpeas
115,papaya
116,jute
117,pigeonpeas
118,mothbeans
119,pigeonpeas
120,pigeonpeas
121,pigeonpeas
122,pigeonpeas
123,pigeonpeas
124,pigeonpeas
125,mothbeans
126,jute
127,pigeonpeas
128,pigeonpeas
129,pigeonpeas
130,pigeonpeas
131,pigeonpeas
132,mothbeans
133,pigeonpeas
134,pigeonpeas
135,pigeonpeas
136,pigeonpeas
137,pigeonpeas
138,pigeonpeas
139,pigeonpeas
140,pigeonpeas
141,pigeonpeas
142,pigeonpeas
143,pigeonpeas
144,jute
145,jute
146,pigeonpeas
147,pigeonpeas
148,pigeonpeas
149,jute
150,pigeonpeas
151,pigeonpeas
152,pigeonpeas
153,jute
154,pigeonpeas
155,mothbeans
156,pigeonpeas
157,maize
158,pigeonpeas
159,pigeonpeas
160,pigeonpeas
161,pigeonpeas
162,pigeonpeas
163,pigeonpeas
164,pigeonpeas
165,mothbeans
166,jute
167,mothbeans
168,jute
169,mothbeans
170,pigeonpeas
171,pigeonpeas
172,jute
173,pigeonpeas
174,pigeonpeas
175,pigeonpeas
176,jute
177,jute
178,pigeonpeas
179,pigeonpeas
180,pigeonpeas
181,pigeonpeas
182,pigeonpeas
183,pigeonpeas
184,pigeonpeas
185,pigeonpeas
186,pigeonpeas
187,pigeonpeas
188,pigeonpeas
189,pigeonpeas
190,pigeonpeas
191,pigeonpeas
192,pigeonpeas
193,pigeonpeas
194,pigeonpeas
195,pigeonpeas
196,pigeonpeas
197,mothbeans
198,jute
199,pigeonpeas
200,pigeonpeas
201,jute
202,mothbeans
203,mothbeans
204,pigeonpeas
205,jute
206,pigeonpeas
207,pigeonpeas
208,pigeonpeas
209,mothbeans
210,pigeonpeas
211,pigeonpeas
212,mothbeans
213,pigeonpeas
214,pigeonpeas
215,jute
216,pigeonpeas
217,mothbeans
218,pigeonpeas
219,jute
220,pigeonpeas
221,pigeonpeas
222,mothbeans
223,pigeonpeas
224,pigeonpeas
225,pigeonpeas
226,pigeonpeas
227,pigeonpeas
228,pigeonpeas
229,jute
230,jute
231,jute
232,pigeonpeas
233,pigeonpeas
234,pigeonpeas
235,mothbeans
236,mothbeans
237,pigeonpeas
238,pigeonpeas
239,jute
240,pigeonpeas
241,mothbeans
242,mothbeans
243,pigeonpeas
244,pigeonpeas
245,pigeonpeas
246,pigeonpeas
247,pigeonpeas
248,pigeonpeas
249,pigeonpeas
250,pigeonpeas
251,pigeonpeas
252,pigeonpeas
253,jute
254,jute
255,pigeonpeas
256,pigeonpeas
257,pigeonpeas
258,pigeonpeas
259,jute
260,jute
261,jute
262,pigeonpeas
263,pigeonpeas
264,pigeonpeas
265,pigeonpeas
266,pigeonpeas
267,pigeonpeas
268,pigeonpeas
269,pigeonpeas
270,papaya
271,mothbeans
272,jute
273,pigeonpeas
274,mothbeans
275,mothbeans
276,pigeonpeas
277,pigeonpeas
278,pigeonpeas
279,mothbeans
280,pigeonpeas
281,jute
282,jute
283,pigeonpeas
284,pigeonpeas
285,pigeonpeas
286,jute
287,pigeonpeas
288,pigeonpeas
289,pigeonpeas
290,pigeonpeas
291,pigeonpeas
292,mothbeans
293,pigeonpeas
294,pigeonpeas
295,mothbeans
296,pigeonpeas
297,jute
298,jute
299,jute
300,pigeonpeas
301,pigeonpeas
302,jute
303,pigeonpeas
304,pigeonpeas
305,pigeonpeas
306,pigeonpeas
307,pigeonpeas
308,pigeonpeas
309,jute
310,pigeonpeas
311,pigeonpeas
312,pigeonpeas
313,jute
314,jute
315,pigeonpeas
316,pigeonpeas
317,jute
318,pigeonpeas
319,pigeonpeas
320,pigeonpeas
321,pigeonpeas
322,jute
323,pigeonpeas
324,jute
325,pigeonpeas
326,pigeonpeas
327,pigeonpeas
328,pigeonpeas
329,pigeonpeas
330,pigeonpeas
331,pigeonpeas
332,mothbeans
333,pigeonpeas
334,pigeonpeas
335,pigeonpeas
336,jute
337,pigeonpeas
338,pigeonpeas
339,jute
340,pigeonpeas
341,pigeonpeas
342,jute
343,pigeonpeas
344,pigeonpeas
345,pigeonpeas
346,mothbeans
347,pigeonpeas
348,pigeonpeas
349,pigeonpeas
350,pigeonpeas
351,pigeonpeas
352,pigeonpeas
353,jute
354,jute
355,pigeonpeas
356,pigeonpeas
357,pigeonpeas
358,pigeonpeas
359,jute
360,pigeonpeas
361,pigeonpeas
362,pigeonpeas
363,pigeonpeas
364,pigeonpeas
365,jute
366,pigeonpeas
367,mothbeans
368,pigeonpeas
369,jute
370,jute
371,jute
372,jute
373,pigeonpeas
374,pigeonpeas
375,pigeonpeas
376,pigeonpeas
377,jute
378,pigeonpeas
379,pigeonpeas
380,pigeonpeas
381,jute
382,maize
383,pigeonpeas
384,pigeonpeas
385,jute
386,pigeonpeas
387,mothbeans
388,pigeonpeas
389,pigeonpeas
390,pigeonpeas
391,pigeonpeas
392,jute
393,pigeonpeas
394,jute
395,pigeonpeas
396,pigeonpeas
397,pigeonpeas
398,pigeonpeas
399,pigeonpeas
400,pigeonpeas
401,pigeonpeas
402,pigeonpeas
403,pigeonpeas
404,mothbeans
405,pigeonpeas
406,pigeonpeas
407,jute
408,pigeonpeas
409,pigeonpeas
410,pigeonpeas
411,pigeonpeas
412,pigeonpeas
413,jute
414,pigeonpeas
415,mothbeans
416,pigeonpeas
417,pigeonpeas
418,pigeonpeas
419,pigeonpeas
420,jute
421,pigeonpeas
422,mothbeans
423,jute
424,pigeonpeas
425,pigeonpeas
426,pigeonpeas
427,pigeonpeas
428,mothbeans
429,pigeonpeas
430,pigeonpeas
431,pigeonpeas
432,mothbeans
433,pigeonpeas
434,pigeonpeas
435,pigeonpeas
436,jute
437,pigeonpeas
438,pigeonpeas
439,jute
440,pigeonpeas
441,jute
442,pigeonpeas
443,pigeonpeas
444,pigeonpeas
445,pigeonpeas
446,pigeonpeas
447,jute
448,mothbeans
449,pigeonpeas
450,pigeonpeas
451,jute
452,pigeonpeas
453,pigeonpeas
454,pigeonpeas
455,pigeonpeas
456,mothbeans
457,pigeonpeas
458,pigeonpeas
459,pigeonpeas
460,pigeonpeas
461,mothbeans
462,pigeonpeas
463,pigeonpeas
464,mothbeans
465,jute
466,pigeonpeas
467,pigeonpeas
468,pigeonpeas
469,pigeonpeas
470,pigeonpeas
471,mothbeans
472,pigeonpeas
473,jute
474,pigeonpeas
475,pigeonpeas
476,pigeonpeas
477,pigeonpeas
478,pigeonpeas
479,pigeonpeas
480,jute
481,pigeonpeas
482,jute
483,pigeonpeas
484,mothbeans
485,pigeonpeas
486,pigeonpeas
487,pigeonpeas
488,pigeonpeas
489,jute
490,pigeonpeas
491,jute
492,pigeonpeas
493,pigeonpeas
494,mothbeans
495,pigeonpeas
496,pigeonpeas
497,pigeonpeas
498,pigeonpeas
499,jute
500,pigeonpeas
501,pigeonpeas
502,jute
503,jute
504,pigeonpeas
505,pigeonpeas
506,pigeonpeas
507,pigeonpeas
508,pigeonpeas
509,pigeonpeas
510,pigeonpeas
511,pigeonpeas
512,pigeonpeas
513,pigeonpeas
514,pigeonpeas
515,pigeonpeas
516,jute
517,jute
518,mothbeans
519,pigeonpeas
520,pigeonpeas
521,pigeonpeas
522,pigeonpeas
523,pigeonpeas
524,pigeonpeas
525,pigeonpeas
526,mothbeans
527,pigeonpeas
528,pigeonpeas
529,pigeonpeas
530,pigeonpeas
531,pigeonpeas
532,pigeonpeas
533,jute
534,pigeonpeas
535,pigeonpeas
536,jute
537,pigeonpeas
538,pigeonpeas
539,pigeonpeas
540,jute
541,pigeonpeas
542,pigeonpeas
543,jute
544,mothbeans
545,jute
546,pigeonpeas
547,pigeonpeas
548,jute
549,pigeonpeas
